User_ID,Date,Steps,Heart_Rate_avg,Calories_Burned,Workout_Type
4093,2024-04-02,8179,61,213,Cardio
4024,2024-01-24,3192,62,427,Cardio
4075,2024-03-15,6687,62,265,Cardio
4006,2024-01-06,5207,64,437,Cardio
4047,2024-02-16,7628,67,774,Cardio
4027,2024-01-27,10852,68,221,Cardio
4001,2024-01-01,14748,68,598,Cardio
4035,2024-02-04,14169,68,585,Cardio
4009,2024-01-09,8038,69,204,Cardio
4069,2024-03-09,13304,70,672,Cardio
4033,2024-02-02,7691,72,339,Cardio
4070,2024-03-10,8643,73,512,Cardio
4002,2024-01-02,8943,74,428,Cardio